3.369198189126900722e-01,-3.782684713181119207e-01,5.973368739787918713e-01,2.094480535624487771e-02,6.591750937098885821e-01,5.978988560741909097e-01,-5.510369612029628605e-01,-8.023607663085630115e-01,2.005503347080916932e-01,-1.529810338717647600e-01,-6.567776523782784537e-01,-5.972205909954488856e-01,-5.899714939518541090e-01,6.851739076805209994e-01,-6.432824144037356806e-01,-3.078924778817995200e-01,-3.608625127486648765e-01,9.975646552768098196e-01,9.909318813369230039e-01,-9.956526992053675862e-01
-2.235611182754262405e-01,-5.331323034284689566e-01,8.407541308943335956e-01,-6.345030179455213304e-01,4.637066597267014423e-01,-7.275800395026286171e-01,-1.626539977051781882e-01,-2.761177322553423075e-01,-5.002624088406038005e-01,6.292205682703937430e-01,6.807506299177978892e-01,5.394654801933040922e-02,-2.054511357897768065e-01,-9.501590683159695239e-01,3.950496249277097860e-01,8.929678325931098559e-01,9.426977371923648263e-01,-3.388109567093944285e-01,-3.723542180165577697e-01,-9.795611827616357292e-01
-5.980166825403676611e-02,-8.409776893416329724e-01,-2.439540773231887449e-01,-8.915073394174222177e-01,8.154288929177726519e-01,-8.947859385584302494e-01,-3.223137410722201057e-01,1.962929187461943670e-01,2.315617815957295988e-01,9.728427337347398396e-01,7.343903764576373838e-01,-6.964633875983523570e-01,9.746091068583189188e-01,-5.590336318734394627e-01,1.791380162452735902e-01,-7.600825605597212320e-01,6.267981535040640928e-01,-8.253797326907468257e-01,1.199092322992107995e-01,7.228838494888185640e-01
5.201166771485381535e-01,6.818253054924618972e-01,-6.609191677628249995e-01,5.498765134829828316e-01,-4.788346629513313690e-01,-8.833200655653139499e-02,8.667878560776243191e-02,2.548650503776495047e-01,-5.214863435310834738e-02,-6.038925450165562037e-01,2.286743567612283812e-01,-6.274986593375146970e-01,-7.696693525430364780e-02,-7.267352939124935851e-01,7.959380789286101265e-01,-2.139070705096806080e-01,3.059850212881050080e-01,3.471199324270219932e-01,1.818793487086995952e-01,-7.317575186662850228e-01
-2.050170263493034106e-02,-8.634583513954319223e-01,6.757174058701815866e-01,-4.245419433050661162e-01,-3.735991632813573382e-02,1.926266109931498161e-01,-7.449283072989214549e-01,8.692142503626307803e-01,6.233900700936365613e-01,-7.099147498914684107e-01,-8.666538893517650166e-03,-5.441325334250270984e-01,2.138131622293153455e-01,-5.356584526946139846e-01,9.678357604276459636e-01,-7.489639258122207099e-01,8.088466026735321446e-01,-5.561806600940211176e-01,-6.142938037030674092e-01,-8.142815145794111142e-01
7.432684600559809063e-01,-6.654837709704262139e-01,-3.153294406125128901e-02,9.161190146251034783e-01,9.822898543092999368e-01,-5.523002301973498618e-01,7.982533855674616152e-01,-5.523854327240895756e-03,4.962018093695630405e-01,2.813642028398595230e-01,8.856984360201560769e-01,3.015153007474324909e-02,-7.991368244010677024e-02,8.273780947560576138e-01,-6.999392783271494167e-01,4.899016439154859626e-01,-9.241070156928807844e-01,4.969637289669375235e-01,7.045502725228600660e-01,-3.032628800081673681e-01
-3.678258822272530981e-01,-6.971394679603668543e-01,2.706633035643264407e-01,6.619712407420224043e-01,6.379437157805891712e-01,4.776522944719541197e-01,-7.511224352316554498e-01,1.771682190409369362e-01,1.857038288132712989e-01,3.212914260205534944e-03,5.721401653604827331e-01,2.496446280833264364e-01,9.608181160728743730e-01,4.067914057513373205e-01,3.827349758766076526e-01,7.742921812240681767e-01,9.539876570559369107e-02,-7.592032075421020210e-01,2.601504416239890372e-01,-4.224584926559160625e-01
-6.059502907851537223e-01,-1.300862618501248402e-01,-4.515082562465178029e-01,-4.441006244641052536e-01,3.660404314393987946e-01,1.124191841419022175e-01,4.080341092574744088e-01,1.174364344131919591e-01,4.850450215320949443e-01,4.056386938795704111e-01,-3.764039682032818135e-01,7.898531233835004439e-01,-3.359857469954090625e-01,4.806626359962982153e-01,5.154793086474096508e-01,-7.100962777718975438e-01,-1.246620217364791117e-02,8.396125386154860148e-01,4.938124590228172295e-01,9.398071818715805215e-01
8.720729737856278696e-01,-1.722355609464154558e-01,4.746963864461415383e-01,-9.972987249608158411e-01,2.798715677653444978e-01,-2.801115350038383411e-01,9.390279411543813737e-01,6.805431335630083289e-01,-7.874332346604429045e-01,-6.269248167555165896e-01,-6.703004995962849044e-01,-7.155674476734557032e-01,6.090133911253978738e-01,4.541688909333374546e-01,7.445781823197790139e-01,4.763214523745042950e-01,-1.218752421232482952e-02,8.440214758142443596e-01,3.366977307867982105e-01,4.122691118729877591e-01
1.467341730043518755e-01,3.086469620876231001e-01,-4.088886400636757568e-01,7.265237605572394397e-01,-6.566197082510842886e-01,-6.851586419740709477e-01,-6.895459160460764014e-01,7.989892305219841173e-01,3.101947714713462201e-01,-9.349310964355861397e-01,-6.196558644028549168e-02,-9.847258924865485152e-01,9.926425765792066258e-01,-5.711307889814936090e-01,7.878193014101402269e-01,2.308126712864764229e-01,7.702701758097569851e-01,-2.191157534441676713e-01,-9.566850751256636975e-01,6.641032957118135904e-01
5.295691860476092749e-02,3.967810541817424763e-01,1.674630056391348543e-01,1.344426287665716480e-01,7.650320633525140579e-01,-1.685702410817417896e-01,8.198593105834195427e-01,8.385167153032777598e-01,-7.150984107859732486e-01,-8.372031385465656950e-01,-9.627335649279291641e-01,-5.896913499859190999e-02,6.043626017561207764e-01,-7.677903141978830170e-01,-8.574417579722171112e-02,-4.666001177551970525e-01,9.887544506603802574e-01,8.391241239202500424e-01,-6.847860177311257956e-01,5.621824495916150077e-02
-5.035430769722963884e-01,-7.815173481533927990e-01,-3.308387614617891437e-01,-7.149607323094187006e-01,-1.792644842265600502e-01,9.235708329968406183e-01,-2.720169899791233803e-01,1.090042093746164120e-01,8.613960658776436130e-01,-9.502456728890076310e-01,-6.304694185160892861e-01,-7.897449758610743942e-01,-1.628600514542075661e-01,7.354898770951054932e-01,-8.119898009358861302e-02,5.480620577530934678e-01,1.997961350171879591e-01,-9.405555559293532486e-01,-7.203307294777210323e-01,8.877451381601688674e-01
5.286935761039390780e-01,5.189874140195820384e-01,1.444377841196542445e-01,6.391209018172490097e-01,1.467506359137085159e-01,6.269781558404545763e-01,-2.875352253212144493e-01,4.618108445181838828e-01,2.338551940093340775e-01,1.825961850380100060e-01,-8.526418891363738428e-01,8.581909132859188993e-02,7.018440006480162197e-01,-6.357827938116478173e-02,7.792349257529511686e-01,3.472470383871253397e-01,-3.106604562672390379e-01,-8.558584603018606352e-01,4.451928257283710444e-02,3.626337041813421092e-01
1.296885205796689533e-01,-7.368265544521430677e-01,-8.487183423215975964e-01,-1.252150324386012148e-01,5.584433757434374979e-01,2.906334000022865460e-01,-5.709449910464792222e-01,-3.853943840392668463e-01,2.418339321126716790e-02,2.272672034013654141e-01,-2.746504710966457541e-01,6.230460834311779550e-01,8.416199352982836057e-01,4.555598542304102327e-01,3.707302183977847498e-01,5.516611488292875176e-01,4.261912504860432271e-02,-2.268350748184226884e-01,-1.314248593133853227e-01,-6.166771008048899105e-02
-2.574631871853676479e-01,-8.358107768524609682e-01,1.669940908260292289e-02,9.786217548701354740e-01,8.676877621067236035e-01,-8.583311495375931521e-01,5.099027203751005377e-01,-7.947363244201899324e-01,8.759515292851911550e-01,7.017928713612953118e-02,6.178923310766895050e-01,5.431225073367282885e-01,-3.094599037024714505e-02,2.890963142815419218e-01,5.164929869070138402e-01,-4.717331623309140021e-01,2.086261419338029111e-01,-1.836106901948657555e-01,-3.555895627467922093e-01,9.018446806780240355e-01
-4.214918080067391326e-01,5.695757763086364278e-01,4.776452327770690509e-01,-6.939990747324886744e-01,1.007819935706977255e-01,9.332752976469058659e-01,-7.749150515829081876e-01,3.266275373513223279e-01,-7.787226542857197398e-01,-2.918872168907804543e-02,-7.927132798100591238e-01,4.318764585844638848e-01,-7.980939497316268394e-01,-4.213752041575378193e-01,7.057065893320253469e-01,7.744745556201459991e-02,-5.614852660911475724e-01,-7.955837327310031348e-01,8.352162287944220331e-01,6.996099268303235252e-01
-5.938795145074753368e-01,5.603574576738834523e-02,-4.572840529098685103e-01,-5.222868180117838932e-01,6.050166396272977920e-01,-7.752287809797768769e-01,-6.564034182823126340e-01,7.719721771862908533e-02,7.223032547644312462e-01,1.245220616330928731e-01,-5.775491639904177799e-01,-3.762430537873695524e-01,4.866609459067501309e-01,1.794660787374884325e-01,9.369811335277797859e-01,-9.980746741716259862e-01,4.646006381385039408e-01,-9.078200139252419198e-01,3.903631211640137266e-01,5.705683367565022035e-01
-8.034128745162465446e-01,-3.311794121086850673e-01,-7.290348123835932448e-01,-5.342009999243539919e-01,2.634988493883283489e-01,2.976336961269319126e-01,-3.706365806655180783e-01,4.605701842600895546e-03,5.049473447220638178e-01,-4.487646869816765971e-01,5.966465811511005857e-01,4.562472298374686819e-01,-1.919832471592497480e-01,2.159658484711122206e-01,5.845642840013169916e-01,-1.765439219178492891e-01,-4.401046956242409269e-01,-3.994244766516039657e-01,-5.285219829342804321e-01,2.616925690872409227e-01
2.354838236121332695e-01,5.119225916430301115e-01,-8.023768440194736229e-01,-5.109045190727863339e-01,2.158610040593809121e-01,1.073628173079954617e-01,-5.986014882880008603e-01,4.020665079168983524e-01,-2.632302404094044590e-02,-8.807877111641815304e-02,8.085867811558913321e-01,-8.557635856913212713e-01,-1.020016412409863182e-01,-4.868020033608855268e-01,6.869967817053781456e-01,6.107598157683333806e-01,-1.067822999784384663e-02,3.356122777547438929e-01,-5.615259481179211143e-01,4.940931078100476714e-01
-2.528034195612762769e-01,-6.431041065349880625e-01,-5.196038556139097597e-01,9.206886571717067813e-01,-1.051904298079189282e-01,4.411921377283698487e-01,8.993474920861539434e-01,-6.768622998095454868e-01,-1.687971516136796968e-01,7.384553727168092774e-01,-1.017967832998341038e-01,6.207514623095611306e-02,4.739450785203658256e-03,3.219733007529721469e-01,3.139498456674298943e-01,9.988637082813622836e-01,-8.350151077408196620e-02,7.411660588026018903e-01,-1.194335210744006393e-01,-1.501657081607250532e-01
-5.303496823805906590e-01,-3.598521091120243653e-03,-9.241885791375490378e-01,4.062040623386689031e-01,-7.288419128357066512e-01,5.055753497088544268e-01,-6.392025357942165975e-01,5.433844931791529387e-01,-4.873119319552299267e-02,-8.488870925709228743e-01,2.866235772315905983e-02,9.034587211298461540e-04,6.730787710288543835e-01,1.560435038200140845e-01,-4.550271156212293278e-02,5.685179310796868446e-01,9.657522558419362468e-02,6.514192649460117668e-01,-1.665872471641327568e-01,-8.864145990366880667e-01
7.664442234474113658e-01,-4.632528325767832911e-01,5.156310770439316293e-01,2.973845574729545582e-01,9.646168164882868989e-01,4.423795744789820183e-01,7.670083797739335463e-01,2.363737180519849268e-01,-6.651663610331546295e-01,9.831489175116432389e-01,1.430147536682506715e-01,8.772637851311280155e-01,9.100006918764667052e-01,-5.585017087124595214e-01,3.945465053105434716e-01,8.669111150399855248e-01,2.605971837279943415e-01,7.549229065470837163e-01,-4.967544582885996540e-01,1.324661730058973585e-01
-3.123868230826998271e-02,-9.418769042981305351e-01,-6.123212139154499134e-01,5.706627619611210900e-01,7.537642272572102620e-01,-1.099393778368007446e-02,2.178974373896633843e-01,2.465342800474981111e-01,6.507332034980675139e-01,-1.554220054446098231e-01,2.364426665634904445e-01,7.111376790039078966e-01,-6.799012897344705042e-01,3.499099140894783577e-01,-8.132238354953276183e-01,-9.617284281978606408e-01,9.446407339073426002e-01,-9.898523286313145597e-01,-5.591650401086991629e-01,9.302736897463352861e-01
2.494097125501160139e-01,1.968927790117811494e-01,-6.882470221178835779e-01,2.103463016356044157e-01,2.119143062418624712e-01,5.614527817199683746e-01,-1.660273666207954246e-01,1.590024033220760469e-01,3.440611368276027537e-01,7.692631444576747413e-01,-3.566833336800794285e-01,9.887415464013835642e-01,3.522018057018450055e-01,5.015828334008354261e-02,-8.575879943258306604e-01,-4.620709720406799281e-01,9.142960104522257492e-01,-6.644063460817162259e-02,-9.208474886895750000e-01,-7.263851700542798273e-01
6.547820187432606964e-02,-5.563781525267645911e-01,2.464841101775452348e-01,-4.294668722287764417e-01,2.071320969386509780e-01,-8.201498110299549893e-01,5.343711876624479551e-01,2.885345337270195376e-01,2.819377026803593367e-02,-6.058215604000010135e-01,9.832025464208959953e-01,-7.652366587675984988e-01,9.950634705591803186e-01,-4.940523797905325143e-01,9.352982539120542338e-01,3.063915646620694044e-01,2.383405652012065001e-01,1.194615745313487576e-01,2.958242538807858146e-01,-5.477219114901712427e-01
4.692938807782391919e-01,9.621344758599961189e-01,-7.656879323810414917e-01,-4.714453770488380435e-01,-6.241433337998159026e-02,-9.091723045324135999e-01,-6.702854922093350876e-01,-3.648269347327846024e-01,-7.342835108785110698e-01,-7.776102988722350950e-01,-9.150175639214186418e-01,6.824487622091985894e-01,-3.260072491691512475e-02,-2.385836255070892253e-01,-7.832821828814524601e-01,-5.796356970295741817e-01,1.597885728482255630e-01,-4.719036005980703496e-01,5.744165288103635358e-01,-4.547147807339069203e-02
-5.565434933186723665e-01,-2.631672588257731871e-01,8.883769539131121107e-01,-8.592621854732669373e-01,-7.401222862612726328e-01,-2.072197349858084792e-02,6.454394392920725920e-01,-3.118991616099406894e-01,-7.504792691696600127e-01,-1.448320450146731719e-01,3.492326930083946568e-01,-7.450869676807032604e-01,4.503941399932116507e-01,1.508677498223902624e-01,8.597933170061731190e-01,-8.681927803351738859e-01,-6.909182939435585258e-01,-4.135292988598253672e-01,-2.323015082108659257e-01,9.471199021414917762e-01
-9.351422022156046232e-01,4.089852218418259522e-01,4.135475515263526969e-01,3.385628204907942251e-01,8.590276080799472691e-01,-2.493214909558207903e-01,8.084936294129512202e-01,-3.416424461239635502e-01,-4.373788279968457982e-01,2.353466982009244646e-01,-2.211094884460533816e-01,-2.656320871297308539e-01,-6.842670036971756353e-01,6.320663487864806029e-01,-9.225461573207711652e-01,3.537413172678038897e-02,-2.025685990280037263e-01,1.851618716027210176e-01,4.643719747177139645e-01,1.773879187568871973e-01
-4.066281819557053812e-01,-1.725980523197190308e-01,4.786376514197951959e-01,7.763896193466370832e-01,-2.488302302039415714e-01,-5.837451688580177489e-01,-2.468012991985888416e-01,9.384218297277338028e-01,-7.812780871689462003e-01,-5.136453312025430762e-01,-7.436445104537610096e-01,5.818447089560720986e-01,9.937081638222802216e-01,-5.015450457810906038e-01,-3.723602537755015263e-01,2.089715307239672359e-01,-7.043774944749916500e-01,1.453362183022026688e-01,-6.175959481861419409e-01,-9.314269871390052913e-01
1.359623136157597223e-01,2.962471918876012911e-01,4.972412061554583040e-01,-3.768414749145991838e-01,1.603033486420839537e-01,-9.808623298849372674e-02,4.145254095024362151e-01,9.584143011245602750e-01,5.285452130211587551e-02,-6.494595250033814438e-01,7.839066220078971803e-01,-6.601963344395385125e-01,-2.381871057552893411e-01,-3.802637605294461043e-01,1.096309885352875213e-02,-7.943875911429851833e-01,6.608799721127154303e-01,-1.576942471157698478e-01,-3.164816803496921516e-01,1.248037625711806431e-01
-4.965344721535136507e-01,-8.401035189836947303e-02,2.311081656958160480e-01,-4.854932791523647317e-02,-2.156722973925804254e-01,-6.260816195187395294e-01,-5.791554042668756175e-02,-9.299498487093413868e-01,2.956792938905627999e-02,-6.322980429427027538e-01,1.915061780087450316e-01,-1.164069756194328065e-01,-2.709647376910639949e-02,-3.589899868556600815e-01,7.543848966878636819e-01,2.234427246286347923e-01,-4.063682325536126516e-01,9.108018514298168444e-01,3.306429184823802547e-01,4.178946032545902689e-01
8.793561116075623296e-01,8.150660365455455469e-01,9.012769103006217364e-01,3.244160855905224849e-01,-9.635051230596913818e-02,4.536120799904408418e-01,8.557092818787599420e-01,-1.458775165429486709e-01,-7.367093489487341884e-02,6.611291365140021803e-01,2.398491173094940976e-02,3.904038293987088792e-02,3.019613661697753138e-01,5.528569254270592204e-01,-7.002799109984374493e-01,9.950934571993521605e-01,-8.243222578992597249e-01,-4.593918063352513403e-01,9.437378749157014912e-01,-5.159357895134644156e-01
-1.340447449092785348e-01,-9.820456928333742841e-01,7.965238522063300408e-01,-9.933327210805631413e-01,9.058425965910883448e-01,4.221746611363266233e-01,-7.983370056490586286e-01,1.189923935549490608e-01,9.170277470015888444e-01,-9.846707071122182686e-01,5.253115027320187647e-01,-2.851371612391653265e-01,-3.347927918526281132e-01,-7.873903621268334430e-01,-5.861925183472771472e-01,8.529533348246123303e-01,6.723480284876817148e-01,3.294489380417673363e-01,4.334667642944609600e-01,-4.713113254856466927e-01
-7.180117812244555253e-01,-7.783588175024962474e-01,-3.642298134635506557e-01,2.468988743235052130e-01,1.750100039838657917e-01,-9.244213053261003399e-01,2.554359585694463419e-01,3.956471846882003707e-01,1.861073678097910911e-01,-9.179643527530128022e-01,9.178992720565322116e-01,1.946463912096425553e-01,4.728972469678849322e-03,1.550799230979447163e-01,-1.051167698654837945e-01,5.503566093907665824e-01,2.278587692911135942e-01,-2.207935517585348784e-01,-1.068340763755466494e-01,8.398050455136565340e-01
1.878583468367660547e-01,2.184051100903672271e-01,-7.206089873825924919e-01,-2.858713136833110902e-01,8.395307974570258569e-01,-8.217832316473712151e-01,9.535965982828848997e-01,9.777240461849383557e-01,5.585776317795287937e-01,-8.299599029550706053e-01,-1.261869189825701731e-01,5.642484806762066984e-01,7.459199789058681418e-01,-1.780623781791579319e-01,-8.424526993295584631e-01,-6.216521006929476290e-01,-5.184880152468762660e-02,-8.700664248826035507e-01,-9.636455117454019170e-01,8.457280479679993856e-01
7.385825110852770603e-01,9.662182254034967777e-01,1.103012926805662097e-01,-5.522984777424377878e-01,-5.203246197156745634e-01,2.309455947761640537e-01,-8.427004961748263412e-01,4.267618471691592141e-01,-3.787716453355209900e-01,3.118375176727450349e-01,-9.947679499550097226e-01,-2.043102104908185446e-01,-5.903117040989847020e-01,7.307228156677261222e-01,-8.491166213470517921e-01,-8.731701288738169531e-01,1.949991872647987012e-01,-7.454719236723499343e-01,-6.856985932078065726e-01,-2.887169563691276419e-01
-7.459375466293383106e-02,-1.013637645612641691e-02,8.400107472709834600e-01,9.323865560316004775e-01,-7.976739199500459954e-02,-2.263712064611709263e-01,6.820760836404085037e-01,4.477517876928578389e-01,-7.155655568012899703e-01,-6.115345004571524079e-01,-3.636614539114364497e-01,-5.907245215921146375e-01,5.549681029818633871e-01,-4.611391480845510316e-01,6.761000603159643685e-01,-1.876934320231011810e-01,4.711015857336735557e-01,3.659855216236358455e-01,2.175672159571491182e-01,-4.625918057581275278e-01
-8.483525690604647451e-01,1.220056818797272680e-01,-5.362601506551745167e-01,-8.776013553971260261e-01,6.350957882630219320e-01,-4.520383510562600016e-01,-2.318526215955463154e-01,-9.975390268944477334e-01,3.980335981617963981e-01,3.691969211343355539e-01,6.821000649856912013e-01,-1.536436391915898536e-01,1.536738489650495421e-01,-6.374337853143516863e-01,4.200921061884019814e-01,2.453680515134590845e-01,7.130259517052381923e-01,-7.749702746974147516e-01,8.862390590588538064e-01,9.584150278805974033e-01
-3.622248151348803624e-01,-4.673157767000277740e-01,9.864970839800433211e-01,-4.185751890783984130e-02,-1.028369776594333374e-01,9.765528351372132487e-01,4.402162798985633785e-01,-2.738870210010779793e-01,-9.273640689152533589e-01,-1.372267198149870193e-01,-8.076648432640309849e-02,-2.868031244552069481e-01,8.706886668723576861e-01,5.794850488769076602e-01,-1.396123914690079459e-01,-5.058585559182926517e-02,-3.646018876478744897e-01,-1.570698055674841775e-01,-7.045684480285279161e-01,8.848405790853108854e-01
1.066528802973600865e-01,3.493104557569857160e-01,4.834118010983834424e-02,9.063367285981678290e-01,9.753716481949046280e-01,3.314282994004915661e-01,8.875387330415143161e-01,-1.841898338845708860e-01,-4.098344215936691182e-01,8.308847037222075738e-01,-6.613216988026509036e-01,-3.018692141368988224e-01,-7.402804552103636748e-01,-6.539692787261470741e-01,-5.605212473285769992e-01,-3.397046006570849652e-01,-3.868321764490441073e-01,-4.522900980061534959e-01,3.245433816092173629e-01,8.363830276558736898e-04
-3.899190863808426055e-01,6.712318009883959657e-01,-8.053999978756840594e-01,7.593116042136982546e-01,4.705916220394079641e-01,-2.868228339513849701e-01,-9.087687065586598223e-01,3.633590867009988123e-01,-9.895128586441728213e-01,-1.235641697455949206e-01,5.701984862205069504e-01,-6.493789467469734955e-01,-2.995942931103310336e-01,6.567401334099343124e-01,3.042272848980569488e-01,-9.916692110553364525e-01,-1.935475532788821784e-01,-7.999122258259963036e-01,7.675944529524556526e-01,-1.707659981208213829e-01
-5.211754762360722992e-01,-3.010982616461304051e-01,-7.408110525174320671e-01,-2.006360316545430234e-01,8.654760919841006928e-01,-4.003745785948966684e-01,5.404291159728584759e-01,4.174579316706441556e-01,-8.792746453531872231e-01,7.336803789353234517e-01,-9.131615367841605657e-01,2.888503810915183934e-01,5.043654585243111388e-01,1.780202112207389664e-01,6.878625062206720209e-01,-1.091422646808497543e-01,-8.307875880801063317e-01,1.820910925518570700e-01,3.804237847169833486e-01,8.424550530399823600e-01
9.778863239674560059e-01,-4.689348498752441419e-01,6.387663899206901252e-01,9.087512113161870797e-01,8.323405237095369280e-01,-8.358388192377781412e-01,-6.349672338912228930e-01,-6.975661646938280391e-02,2.664096410267580151e-01,9.848521448945359857e-01,-1.736684081478241382e-01,7.483420847748705196e-01,-3.343886284609101089e-01,-6.514597354914768434e-01,-5.306233689484016747e-01,4.025444429536750857e-01,8.720857019219836470e-01,7.533768630315103021e-01,2.964241661106650216e-01,8.957231019006166584e-01
2.576835808705957298e-02,-6.931543642765323199e-01,-4.570045344133344400e-02,3.853681197958969129e-01,-8.536230248344969240e-01,4.051320323303120308e-01,-6.639974172551976750e-02,-4.017441694206103087e-01,-8.531734673592350493e-01,5.018133526257604338e-01,6.219694293085249459e-01,-3.379628297318586494e-01,-8.001946072484555916e-01,-6.215902144005132079e-01,-9.239035098425139036e-01,-2.979874191822637908e-01,7.231628059567245526e-01,-5.866041618882529285e-01,6.562568603276985879e-01,-1.368761575667312158e-01
6.680210664465979775e-01,3.295816903604420478e-01,-9.938165131686638176e-01,9.199955926124072647e-01,-6.633087453209003392e-01,-6.898056426037173505e-01,3.722097622800133454e-01,4.079307161867966602e-01,9.623586103909078648e-01,-4.748246643610980477e-01,4.468515178520520159e-01,-5.767504444161768440e-01,-8.145194049802435554e-01,8.411227043664104563e-02,-8.689797479186203155e-01,-4.125536298862730877e-01,7.932250204752513412e-01,-3.182208972219393583e-01,5.526914653286838508e-01,5.331344938188231630e-01
3.268123551560229156e-01,3.865043433891424129e-01,-8.068731022725306179e-01,7.065333605914192461e-02,-2.593011956694946107e-02,-7.664397133308531451e-02,-3.486695680428792965e-01,6.370966757196885322e-01,-4.330591556722320767e-01,2.620147329338020636e-01,8.826227697506472403e-02,1.318330319473608458e-01,9.006601370996325517e-01,7.634722706592118602e-01,-3.608036028084256053e-01,2.796503413018796014e-01,8.232038039589650857e-02,2.437175948705598838e-01,8.957383670022802669e-01,5.878537361369136072e-01
4.953379169719260844e-01,-1.310471496952154702e-01,-5.143350781316524678e-01,-3.161649535489134966e-01,-6.556918676603429308e-01,-9.010845973358687644e-01,9.975587992887378075e-01,7.014480978366317565e-01,-1.466821408011214078e-01,3.423019121515014085e-02,-7.843501797028871181e-01,-6.986953081649567299e-01,2.166603405375746583e-01,-4.675687712461986667e-01,-2.889434580740619651e-01,-2.652295192283833369e-01,1.760102067892217459e-01,-9.431059014445735134e-01,-5.883624596476866309e-01,7.369236571492230325e-01
9.088521942516250007e-01,7.350264120421381442e-01,5.666491350491240642e-01,-5.814985129163383615e-01,-2.544268344276221505e-01,4.429631611606110742e-01,4.460304807697939022e-01,1.269005764233284150e-01,-6.811135827759475792e-01,9.368319393293735864e-01,-9.276130493734116023e-01,-6.623162927122068222e-01,-8.647592059005710929e-01,6.106380473702861522e-01,5.066600355238566333e-01,4.342525238877656957e-01,8.884197875875572414e-01,9.055439348663416599e-01,2.842044306080337979e-01,-9.437007144664524283e-01
-2.535901391978601094e-01,-6.675623397789414160e-01,-3.378997333038795681e-01,-8.662230001003479174e-01,5.789924002888664489e-01,-6.450582804233060408e-01,-4.980893931943264352e-01,-4.175126416864460843e-02,-1.030064388279081644e-01,-2.922302168076336137e-01,-6.244754934794172208e-02,-7.465823434435163719e-01,2.687107532121559839e-01,5.357578203945825290e-01,-4.871832839797995973e-01,-3.011866641103366771e-01,6.541876535270954029e-01,-2.532462443349137171e-01,2.367483316119047831e-01,2.419045241233219734e-01
5.823675548226030507e-01,7.168658980249904555e-01,-7.718426981736365988e-01,1.233502445337524289e-01,9.100956617032054385e-01,2.867324742683570182e-01,5.828372761055746754e-01,-9.921719204413306237e-01,-4.014154613890408285e-01,3.558646387753205964e-02,1.084576765629874373e-02,-4.346861859815274176e-01,-1.402775390475827777e-01,-7.868482061522970028e-01,-8.540798386574630641e-01,-4.301493670770168976e-01,2.535680141645779706e-01,3.044693780244478454e-02,2.811404282796248211e-02,-1.610929491707042693e-01
1.129539548726559151e-01,2.578414557622101810e-01,2.979138915787007402e-01,5.389868644534114850e-01,-8.190076977733320440e-01,-9.027626822840126852e-01,4.415490024298482918e-01,-3.629332603051382833e-02,-2.133661723516746545e-01,-2.312741256664663236e-01,9.088335136975218553e-01,7.544813246485468916e-01,-9.028800028968491098e-01,-6.524147756159115463e-01,6.687803424420528664e-01,-3.556974072035283818e-01,-7.859573226667910806e-01,-1.364523962833319448e-01,-1.344759404030944072e-01,4.469884232078598085e-01
-3.817484697674868865e-01,5.489797091705201915e-01,-8.695877333320365388e-01,2.250310516756637291e-01,-4.928480814542217647e-01,9.407034859151790496e-01,-8.464171485180491672e-01,-8.504511025005445646e-02,-3.462088424267824038e-01,-4.628216371469262569e-01,2.199072267475670195e-01,8.866129574219481224e-01,-8.450618766607576049e-03,-2.289750151838825243e-01,-3.676035589499375700e-01,8.814945388414483496e-01,-9.596757177932475624e-01,9.305634560571540703e-01,5.272634423682234228e-01,-3.982363668603861040e-01
5.355722622915304321e-02,-8.945669898359065453e-01,8.794687528972766621e-01,7.582040023328451284e-01,8.909940480309592736e-01,8.531347717095700833e-01,-3.171859006823749549e-01,-8.425860244387977094e-01,4.698206561437718864e-01,-4.503078656400847368e-01,3.411453207338972504e-01,5.236918127653182875e-01,-2.106953305550358646e-01,3.218317734893072490e-01,9.543232761389819352e-01,-8.440233157808156861e-01,-7.745742206558818843e-01,-7.318086213904801962e-01,-3.357007034411785273e-01,-9.915029106422188487e-01
-9.853834515898021174e-01,5.534660352636213698e-01,-1.400668116265284535e-01,-6.835923400518297832e-01,8.579858297972662307e-01,-9.608575928843876568e-01,3.009071183012497208e-01,1.861538630523096316e-02,-7.689659096744989597e-01,2.688765008939919543e-01,-3.692826145733840715e-01,-6.204011699870104479e-02,2.490616556056672870e-01,7.846657655892765870e-01,-6.744885563736668921e-02,-6.398942617355611873e-01,-3.076567011918966976e-01,6.724494886931282611e-01,6.955459599032016715e-01,-8.356802666059133244e-01
-1.981952731951466262e-01,-4.406806049005871362e-01,4.700379740944171658e-03,1.619579784389824084e-02,-1.263761367816369496e-01,-7.650839968805445146e-01,-7.301162337923772228e-01,4.288381680541863972e-01,1.690339079525380317e-01,3.484493400008159547e-01,-7.790110529432237030e-01,-1.074159137648054152e-01,-2.125719391361120536e-01,9.072377146330594666e-01,3.833928305265890124e-01,9.699067019085894081e-02,-9.584751144108871745e-01,9.096381841740521779e-01,7.681119951275687807e-01,-9.910368890805631992e-02
-4.038741053047103513e-01,2.678333491542557177e-01,3.674417057611050197e-01,1.148949796849816352e-01,-8.896010051946436903e-01,9.764565653137620149e-01,4.151821992849913379e-01,5.729568724350135867e-01,4.650404904363540926e-01,4.242591984254362458e-01,1.649110368103041679e-01,-7.843069782623728337e-01,-3.221055135122083968e-01,-3.012075166049050789e-01,-5.744646526790631036e-02,3.088719184773840443e-01,7.465106365337426109e-01,2.870289106458994155e-01,-4.388460371484372846e-01,3.704178224116971840e-01
-9.711695726304170329e-02,5.419325452926928577e-01,7.357270959308814806e-01,-6.746994903769061303e-01,-6.803868104684980267e-01,-9.846465926491658749e-01,-9.875759676541562282e-01,-3.597341533880571429e-01,-7.076198323536964097e-02,-2.092167734530616663e-01,9.224073739507576697e-01,9.839426437528440150e-01,5.912162453637959114e-01,-5.893511492773795268e-01,-7.243862854026279496e-01,-7.110912260847583877e-01,5.280514227910864111e-01,-9.612929326644152894e-01,5.033927131090076834e-01,-2.079306928561395207e-01
6.956205776305990351e-01,-4.799379515018029618e-01,-2.663027642817394902e-01,-5.800289368088942243e-01,-2.933134289334744516e-01,-3.092986513811899485e-01,-3.472746419629193504e-01,1.210793712519955267e-01,1.569693957323565758e-01,3.696723101059506966e-02,6.479305011437626050e-01,1.282490435924348304e-01,7.458178089711593461e-01,-6.954098956436018941e-01,8.580700699103345208e-01,4.854460596209906331e-01,-3.386025495734652502e-01,2.996264236617585119e-01,8.480548113761003926e-01,7.090438841391177860e-01
-6.670644798678775356e-01,1.236622311114394801e-01,9.633978712072441830e-01,-6.109501621741599831e-01,-1.039279832475079601e-01,5.884895392541955594e-01,-5.399350721556577248e-01,-3.948131559363350362e-01,-1.957574050225596718e-01,-3.530987083372594260e-01,8.441196385559075477e-01,4.379711691970191723e-01,-7.076255186506945627e-01,-7.363356677474111045e-01,-3.430251068914456081e-01,-5.015213870399481966e-01,-9.402225072176335630e-01,-5.791355066742531754e-01,-4.271183387728896275e-01,-4.689991490846028288e-01
2.967359832468463576e-01,2.718229897434714104e-01,-3.383312239127187482e-01,-7.003025188815907853e-01,8.081514264373150791e-01,4.983287170155137336e-01,-8.339393682881535153e-01,-1.190160380980531674e-01,-3.087551818721387953e-01,5.481396184421671869e-01,-7.391035984706952888e-01,-9.557699519932496557e-01,8.735575955052203856e-01,-3.880897374180924952e-01,8.363016672073353419e-01,-1.578200834586285239e-02,-2.634983052111705693e-01,9.621448397646326089e-01,6.750327526670736322e-01,3.971623757490738704e-02
-3.471498142797679876e-01,-2.643247929861300971e-01,-5.527348681175976441e-01,-6.548349784100182536e-01,-5.592607532628157685e-01,6.380809903662993943e-01,-6.160995029029885384e-01,7.298327122816383739e-01,-1.195233323156630334e-02,8.540855124388802011e-02,-6.236869299287395307e-01,4.817393245886811837e-01,-1.704649712740979872e-02,-7.663095497169836179e-01,9.671431736697548853e-01,2.192006719621639732e-01,-1.220669779964982382e-01,3.031660027031066740e-01,1.478525221329118899e-02,4.698006361805637798e-01
8.832804516429502151e-01,-8.871019666960155980e-02,-7.165391737558923779e-01,-5.486988926539397848e-01,3.951225686841641771e-01,5.928374144242800625e-01,-4.612604798729202926e-02,-8.034582351366461594e-01,5.873574722029615280e-01,7.328025535418669634e-03,-9.363032528478565375e-01,-9.085018481870728024e-01,-3.285932714928605503e-01,8.312751183002087263e-01,-8.999556866562439250e-01,-7.185681796489784556e-01,6.005632347099594259e-01,-7.718747232061575758e-01,-9.678999498823688263e-01,8.558687307372621067e-01
8.921854071787516105e-02,-3.300158716314856022e-01,-3.793109422313731827e-01,-7.630316203043814305e-01,-6.574560278749739251e-01,-2.320483779865030183e-01,8.575788138797617588e-01,-1.151375842798774141e-01,7.422835871277011499e-02,3.099291469708569391e-01,-2.349765852763334717e-01,3.136994235649626095e-01,-3.364198607885773296e-01,-3.918465525222616375e-01,5.346789466844974470e-01,2.616040761389482050e-01,3.868011892807632357e-01,7.021097674104581632e-01,3.415843891080896366e-01,2.374762236978824603e-01
4.188282798605513779e-01,2.573081754353290229e-02,9.298527952811992403e-01,6.954064931889227807e-01,6.618421494206834232e-01,-9.048814145557404487e-02,-3.044099518495766432e-01,-2.241927393525393608e-01,-8.769075900725116224e-01,-6.143386864354880572e-01,-3.651815704524941086e-01,9.503963073393495442e-02,-2.699758140291155240e-01,-3.483457100050026956e-01,6.310630803350383289e-01,7.080457742823913492e-01,-6.272371808075005717e-02,-3.601635285696160871e-01,1.726808194227618110e-01,-8.066858555759113258e-01
-9.871814281638235933e-02,-3.048067492542874124e-01,7.064478970464667107e-01,-6.278988285602915553e-01,-9.484360845453887467e-01,6.329456550059995301e-01,5.840072929256328038e-01,-7.113690407971609009e-01,-7.556793792240781293e-01,-8.744108652087321243e-01,5.590753763035607449e-01,6.837292324609969274e-01,-6.740712243371729251e-01,-5.152561228035421603e-01,-5.501992365426238152e-01,-9.141715599311102114e-01,6.043216638917920935e-01,4.240429226238415783e-01,-7.246676739415309765e-01,-6.628516551842345006e-01
3.471058982807448956e-01,-7.875504237815766917e-01,4.001300110659893328e-01,-8.697103288493361894e-01,-7.365763540943126575e-01,2.303983222957017851e-01,-1.713398450665519768e-01,-5.810613322125246505e-02,2.464858501627233967e-01,-3.219611304016898323e-01,6.709200202860468032e-01,1.451393610656381838e-04,-7.855658182029121583e-01,-6.215431632004246865e-01,3.572203783411904698e-01,-1.229400591843223811e-01,8.104227630952607342e-01,-9.107153534535514794e-01,5.224353019292304889e-01,6.877746820546450923e-01
-6.922606854346913252e-02,3.575306654048897581e-01,3.648836110421251888e-01,2.516079070714956067e-01,-1.356672505414771024e-01,3.702354119049733328e-02,2.844847676952277915e-02,-9.308311888047868798e-01,-3.831766486664431870e-01,-5.054675051954138354e-02,-8.467171644003186337e-01,3.690841079988582685e-02,-7.987291537328469193e-01,7.715967002499599658e-01,-6.927467358688845778e-01,1.340658935667824458e-01,8.800406066119492721e-01,-1.212720337889592326e-01,-1.427091087210861087e-01,2.659604228998899700e-01
-2.710333623600147401e-01,-2.078438963088644620e-01,-4.165000434544774421e-01,9.929844932308593553e-01,8.009246070529736361e-01,3.579425291672873044e-01,6.398953630525112679e-01,-6.329372464987215174e-01,-3.051490544823753925e-01,-1.047979077496052902e-01,1.282188359405611600e-02,-6.772354453369093807e-01,-7.707842050194124717e-02,3.123877427609220714e-01,7.242977797385137251e-01,7.810889458730747581e-01,-4.621845682135681255e-01,6.587066533039891425e-01,-4.717773945827243853e-01,5.787427233307431695e-01
-2.311312651029069354e-01,6.787929316356544618e-01,9.893715058927590178e-01,-1.686379306148306778e-01,-7.471933364639726793e-01,-5.385843309545568225e-01,-3.954490787710418509e-02,9.059980939627481078e-01,-3.744338567834968323e-01,-8.119847276550800075e-01,-6.692903922697488461e-01,3.178544028601817395e-01,-9.027757084425995782e-01,5.690684853870229265e-01,-3.129667541262581842e-01,-7.082280598688124318e-01,4.047741930526007614e-01,-7.807950561406822310e-01,7.698726058025269214e-01,-6.902979767682575485e-01
4.728195733801847656e-01,-9.623093206610608963e-01,-4.998631097606782703e-01,-2.097129856423072258e-01,5.505467640363312931e-01,-7.332740448538648259e-01,-2.069928412216515135e-01,1.037096514648903067e-01,9.760671856316807116e-01,-9.415299765052509429e-01,7.764830728155864836e-01,5.240505019267551745e-01,-9.243742106983188211e-01,-5.130109146711170354e-01,6.264168215848975318e-01,2.839507698281718007e-02,1.641295203145254344e-01,-3.829685509656461928e-01,-1.954450861338563605e-02,-1.536052542991701575e-01
5.295695006883063272e-01,-3.190786205319178226e-01,2.658791370819482136e-01,-9.026483621276559788e-03,-2.727282626348115357e-01,2.763678277796264293e-01,-1.949009097587723893e-01,7.412056816216647803e-01,-9.344960740998615734e-01,5.168469083343987247e-01,-5.943081528876661412e-01,-7.957439507357002562e-01,-1.900396677946494250e-01,-9.019346283356433069e-02,-9.841357560156580586e-01,6.220313560774859418e-02,-9.972021538851676414e-01,2.152573804603357122e-01,3.698749363393671885e-01,-7.273606466507100965e-01
-3.037151245481135575e-01,-5.915916584106670761e-01,-2.963254202987166686e-01,6.657651693049233543e-01,-5.686024830247176087e-01,-6.720932027323711644e-02,-1.709714008416074460e-01,4.450048297379958218e-01,-3.320381267822096749e-01,9.636715705411720290e-01,-4.338539154283904686e-01,8.292046348502761788e-01,-2.063738856656869292e-01,-2.871565252678256464e-01,-8.997951805313419982e-01,-4.599245647446645879e-01,-8.815059297549681094e-01,7.867370555298351942e-01,4.273154341647926735e-01,7.819427609144207203e-01
6.306151391695313801e-01,2.824455099872660302e-01,-2.260766739619461951e-01,9.264264879041572698e-01,-9.832403205571635940e-01,8.970782418930107749e-01,3.318345668386770697e-01,4.702146676694114458e-01,6.805143086245757367e-02,9.116049413172662153e-01,4.053918531030653583e-04,8.778234600573329161e-01,2.443315515598316612e-01,7.529298596001061661e-01,3.161143598756182005e-01,3.703710700202744732e-01,-9.398053329258140298e-01,5.527917742718679861e-02,-8.662476556492260116e-01,9.286789648277420373e-01
-6.905456091418529230e-01,-4.459783586027417090e-01,-6.470300353523539272e-01,-8.530051144140045061e-01,7.923888500689324488e-01,2.583688434453585980e-01,2.969087383385460299e-02,-8.200083767757306852e-01,-6.969274543361922980e-01,2.338597708938814357e-01,6.451746366651609499e-01,-3.032989423275722629e-01,4.769874416351993496e-01,-8.277272880890675921e-01,-9.289668032605953307e-01,-8.461073288263614156e-01,2.825811108508924363e-02,7.593558630327659209e-01,9.085136996631892892e-01,-7.982681886636673330e-01
4.474099765104466719e-01,3.079483407895606817e-01,-5.295238703946973935e-01,2.027265374277757992e-01,-1.479879459692499122e-01,-3.350687689573392802e-01,9.257875943417837039e-01,-7.527151185188218907e-01,-2.063796823921375534e-01,-1.298412500164516370e-01,3.386481259631857199e-02,3.490148253409586232e-02,5.859996035897374611e-03,6.685890177533404533e-02,9.937356081469730373e-01,1.650266893908685084e-01,5.798422380735654968e-01,1.060700766354021329e-01,-1.152389187185116626e-01,-3.249346848221212891e-01
-6.304779090638998884e-01,1.030922236052447261e-01,-4.615633850876708077e-01,-4.542673454937242727e-01,-7.596354437959118577e-01,-8.983791481232898946e-01,-5.706695684413116698e-01,-3.898593994634222959e-01,6.658790747177745217e-02,5.846136447099539168e-01,-8.011317731963358835e-01,-3.857784163896604834e-01,-7.905248863540470516e-01,6.913404470125390500e-01,5.570201060692792083e-01,9.601054788266889517e-01,6.325739355177479872e-01,4.813856310840749497e-01,7.058841158429876028e-01,6.834314730192314613e-01
-8.942210707876856457e-01,-4.288422720999718329e-01,-9.459910242439086847e-01,4.942413843484823044e-01,3.797728812949463517e-01,3.409247448899725974e-01,-2.004942940881226932e-01,-6.847216325107465806e-01,-3.846222858633492336e-01,3.498315662339228638e-01,5.818399618887364344e-01,7.278678516206189553e-01,3.052392626289464062e-01,1.368236340218180747e-01,-4.149086403229922393e-01,-4.608838750010988417e-01,9.925858772487168302e-01,4.879500635940228204e-01,-9.386214442622109466e-01,6.664638715240964739e-01
7.003552223722211423e-01,9.427222571050923872e-01,-9.132624095576233891e-01,7.560399933204129397e-01,1.042158825961516655e-01,-1.921149318474972834e-01,6.098161177843604008e-01,4.042581401806186747e-01,-5.173517107852438901e-01,-4.691565384924909488e-01,-7.132926679649977952e-01,-4.832531419479024759e-01,8.806543989172066489e-01,-3.068836361473414875e-01,-7.288736744108146315e-01,-4.076649132313092672e-01,2.841617998932957079e-01,-3.615369721933865410e-01,-4.758765083967546605e-01,9.041512782424789840e-01
-1.408754558215954411e-01,-9.646718356586203580e-01,1.893431642607628085e-01,5.009450036194900147e-01,7.798646641531759016e-01,-5.907101568511747836e-01,-7.526061635578835673e-01,7.471777841647913032e-01,1.905566393142388293e-01,2.634428770483532301e-01,-6.787289156472768870e-01,-2.730711461421562181e-01,-3.999435091305123535e-01,6.031718194010571299e-01,-1.183195355745854105e-01,-2.476717667668490996e-01,8.497336140769053969e-01,-6.328784447406752278e-01,-4.602086312009081581e-01,2.324927941197931780e-01
-8.691089832258984682e-01,5.009439512446440812e-01,-5.317702010999039164e-01,-4.836984268561619338e-01,-3.473259033700815124e-01,-1.723000195160406811e-02,-3.878489864491045935e-01,-9.653986652572137395e-01,-2.675436176795520371e-01,3.577668203229675825e-01,-1.465464306279040674e-01,6.196494296033419058e-01,-6.888612187261164976e-01,1.784035779985897463e-01,-1.458997007209381636e-01,-9.358350495182357065e-01,-2.475945691042220620e-01,-5.434162367791628423e-01,-1.676255149421344015e-01,7.609447916941065593e-01
-9.014441410585378733e-01,7.006355510006769816e-01,6.162138392069376192e-01,5.660997898598174594e-01,9.157640802734583474e-01,1.023990678710349211e-01,-5.973961624578172369e-02,-2.659568378770926778e-01,-7.368637750980975287e-01,4.410644077127605645e-01,-8.059927508432005450e-01,4.750908810367189261e-01,8.592845889130895642e-02,-7.862319757064915038e-01,1.840851014343842795e-01,8.928989248313496940e-01,-7.338457318218567504e-01,-9.928480816575409040e-01,5.237369020819881982e-02,-3.446734958888542089e-01
-1.245703301000402607e-01,-6.445737408783505096e-01,4.698698691071432343e-01,-5.088093329909002538e-01,-4.843900452987222049e-01,-1.560811722167887439e-02,-5.081011102897647902e-01,-7.871415542378854546e-01,-9.358905960568708604e-01,7.002705532282531564e-01,-6.266596108706909973e-01,3.864466983001746403e-01,3.594556099306405184e-01,-4.100384178649514322e-01,7.538038844067782573e-01,-8.294679327983580652e-01,-2.986362521839482920e-01,1.332298336290409502e-01,5.467995033216017653e-01,8.787545512833960792e-02
3.502230165018449526e-01,-2.043707686456408545e-02,-4.340801182929108215e-01,2.508231737720167942e-02,3.204391726960160725e-01,6.013263836543896179e-01,-8.492004997776363417e-01,-7.271185140792280066e-01,7.044804793944978716e-01,4.045110016683988174e-01,-9.770529028001095906e-01,9.444783528087841162e-01,6.999166673040357889e-01,3.325298418395092881e-01,-9.247975159289076874e-01,-9.995844903210218124e-01,-7.134231857445216818e-02,4.862316047193537827e-01,7.341552414727414710e-01,7.250044877195676030e-01
-6.671672041463261316e-02,-7.153464527375850146e-01,9.458676009132818141e-01,6.191896411956019364e-01,-4.334087158991399846e-01,8.388753814641880524e-02,8.563624654165000738e-01,-5.021327539392550499e-02,1.470825556624573149e-01,4.221413317262423526e-02,7.681258972673610241e-01,-1.561134619527699829e-01,-4.316387582554670477e-01,9.263360934293958238e-01,-3.362574406495089097e-01,-1.532748724315413646e-02,-2.168277625402705855e-01,-6.629591137287118574e-01,-8.575441035267021839e-01,-7.683984886324044528e-01
6.326252483911303237e-01,-2.226365977658633089e-01,-1.438425679027099946e-02,-3.585192564137058557e-01,-2.423209121463121285e-02,6.311709965263441191e-01,6.120349132948492699e-01,-1.090363221236301250e-02,4.472268577746356666e-01,-6.674339137646128073e-01,-7.550572899969076879e-02,6.249240434429281787e-01,2.060005188349256500e-03,-1.729811751275058818e-01,-3.421020715375089338e-01,-3.178905434850896050e-01,3.869898068918891099e-01,1.272941213992095921e-01,2.500231254876723597e-01,7.161570634696463600e-01
-7.193163214934414906e-01,6.188440616653625437e-01,4.926274545963125195e-01,-7.619270535809987699e-01,-3.437602411573870143e-03,5.433806369850990858e-01,-1.929278746861950999e-01,1.218984046037203672e-01,-8.591312102100268078e-02,-6.727847825539812199e-01,2.160948331461660654e-01,8.145431546346322271e-01,2.127885074128552656e-01,-6.321838770749692582e-01,-7.241560814019953884e-01,-4.504954117201331876e-02,3.146981506899448888e-02,8.668059363074560597e-01,-8.925069441685746785e-01,-6.717544292776733705e-02
-9.251485408844719593e-01,-1.134133723185026810e-02,2.646631059458168789e-01,1.112346806702504409e-01,8.982229490513768955e-01,-6.900014366395812448e-01,7.747829946683633118e-01,-4.855130554030351320e-02,-9.438281854241152846e-01,4.553969142831930661e-01,2.851055698243638581e-01,1.448284004431721339e-01,-6.621564645611275335e-01,1.647422804749374414e-01,2.998046887977050545e-01,-7.754317952234646150e-02,-6.004946685290146746e-01,-4.740012529448731637e-01,-5.337189920059792758e-01,-2.379402039859990214e-01
-2.711131800107016154e-01,6.041195977157940433e-01,-9.251787697432971580e-01,-1.309482363696168328e-02,-8.690496894941714956e-01,6.271723584345907376e-01,-3.511013847677431077e-01,-7.320939231580334550e-01,-1.397964846333916711e-01,9.258077525523211726e-02,7.545187594649258589e-01,2.350228296718814835e-01,3.209821295467001345e-01,4.897574026844808692e-02,9.778552818873578190e-01,-9.611422061238350523e-01,4.391792099791214099e-01,-4.028970741412531975e-01,6.632364884702037777e-01,6.815266665433521442e-01
7.059606204567827614e-01,-6.500076231866529497e-01,9.384776720199856648e-01,3.569195316381368333e-01,-8.050745203881888301e-01,-7.444994240566604748e-01,9.373716938847684865e-01,4.107385018301250579e-01,7.626851242521699437e-01,-4.813124551982113086e-01,8.770903251585138172e-02,-5.156787254723040892e-01,4.843043185283826269e-01,7.208309337899214686e-01,-9.019756381435255488e-01,-5.536431159918087097e-02,1.342519402756656710e-01,-2.427442365029064408e-01,-9.433809479723997971e-01,5.635819244602047196e-01
-8.816522098473216218e-01,5.710577071716662623e-01,9.279921630701382096e-01,1.772380007843077365e-02,-6.542522991689101453e-01,7.145831443693504426e-01,6.357694880906012980e-01,-4.423950036629407112e-01,-2.360681123361261236e-01,-2.773284313264303691e-01,1.039905725378122980e-01,7.885703288055374571e-01,-6.663902434689839005e-01,7.794792032003741156e-01,-6.401299155048565392e-01,9.150402127716030787e-01,7.775502747706608542e-01,-1.826294336733096380e-01,-6.309256353077747903e-01,-4.351713089773912024e-01
1.275104784819158787e-01,-9.192172579947421873e-02,1.230242403804016060e-01,6.771642462801223949e-01,2.535759290768313523e-01,2.948439299107892264e-01,-4.133336617580047889e-01,-9.051906928874968727e-01,-8.648888687227782590e-01,-9.877486365556757963e-01,3.258549731390463222e-01,5.207173304152514781e-01,8.291416761201766406e-01,-7.746201561981269634e-02,8.955754525466310678e-01,3.621645194832316950e-01,-7.006260343859687101e-01,-5.042038903234424829e-02,-2.286473647326128233e-01,-4.120328716170351679e-01
6.778493752974501518e-01,-2.244655466417735390e-01,9.382541763762124454e-01,4.988819542991254075e-01,6.759062028579221337e-01,-8.327766196345309790e-01,-4.846705873157863831e-01,1.944609209672703010e-01,-4.750296040151780197e-01,-4.441465592578319743e-02,-8.476901401204983699e-02,-9.081547455849858785e-02,-1.583435918996767278e-02,-2.665334865641566520e-01,3.102462857518846207e-01,-4.032223272218256049e-01,-2.924333053457697229e-01,-2.064614977229772830e-01,9.227132233324129018e-01,-4.408258777782545490e-01
-5.027444919209553831e-01,1.006706063815747676e-01,7.285337766614861099e-01,9.084372978616255256e-01,-8.723425935955890775e-01,8.773311919011681503e-01,5.046032971007403667e-01,9.525578702413404208e-01,-2.204815455225741516e-01,1.251150354384955588e-01,1.193829004586355325e-02,5.951614896439265667e-01,5.161506044884998090e-01,3.241769409670376412e-01,-1.913642637310519756e-01,7.457499635412601080e-01,1.767624628829489453e-01,-5.707391372148487019e-01,-1.797480216855393831e-01,8.905835006400080189e-01
-4.698551640400259188e-01,-3.856130784007496537e-01,9.557891272398022497e-01,2.837000923153347731e-01,8.938062619755977600e-01,9.534968441380997639e-01,1.699512452337836876e-02,7.938564673324519649e-01,8.398114716240285826e-01,4.847460208807452542e-01,1.352273565125285959e-01,4.002910280075915317e-01,7.712627350335521381e-01,-8.730775383756488317e-01,-1.940703310600344622e-02,-2.247695465074959209e-01,6.498534458330964547e-01,-3.563404296964800544e-01,-2.382422900107410424e-01,8.575425637775522247e-01
8.610149455236131288e-01,5.356374644200723178e-01,6.360639394068257069e-01,-2.989708777886150859e-01,8.090317964941782236e-01,-8.644578861121172686e-01,9.078795462287923002e-01,7.616557064708635583e-01,-1.144812669700705499e-01,4.153199714851909530e-01,3.729148571825191549e-01,-5.775201179590958578e-01,1.344684632069481633e-01,-4.329585996152747196e-01,-8.657520228128181561e-01,-1.814289694538573361e-01,1.177917858394708084e-01,-1.084851273882205813e-01,4.482498968819979002e-01,1.836868576416572640e-01
-8.640145181155745036e-02,1.413343854476971639e-01,8.129338240179138086e-01,-5.442008378086569120e-01,4.885358897428937475e-01,-6.658162842994566066e-01,3.171811320520985245e-01,-2.441845596328020562e-01,4.871075822990282855e-01,3.487160040190386834e-01,-3.041310281888420786e-01,5.194238031656406296e-01,4.262662999963968691e-01,7.011040720565480111e-01,-1.282842561525747715e-01,-6.775857958895044053e-01,-5.438830174903364068e-02,-5.858128490573539793e-01,8.761694368615202677e-02,3.879321382937603868e-01
3.246273186218440188e-01,4.938966832875804069e-01,9.302708244666013648e-02,5.346712597035163661e-02,9.328918781573705132e-01,7.856696705095285171e-01,3.083347062603221111e-01,3.843756187065618946e-01,3.581736576358165447e-01,3.346110824024199903e-01,5.064538599827430598e-01,3.352285486415724769e-01,-2.940008032353638168e-01,-1.193931076345822184e-02,-5.234566735171157781e-01,-7.541048339367535380e-01,-4.076163508450698636e-01,9.121545807152415808e-01,-1.004060894694973616e-01,-5.840640164699095749e-01
-7.647197836965236029e-01,-3.947868532265295105e-01,8.143808586319916110e-01,-8.480565038511076459e-01,-3.627245228620066264e-01,-2.579347931207816025e-01,8.510675786857520020e-01,9.766631490001187466e-02,2.080966075582255659e-01,-5.669233560213158274e-01,-1.593358284217161192e-02,8.273986326991285001e-01,-5.997183774049850147e-01,-3.365696193503073808e-01,-7.927701739096564282e-01,-9.453589405633358034e-01,-1.999673445267695637e-01,1.390477054053718131e-01,-7.178282798800461606e-02,4.883526934290709498e-01
5.899225719058698303e-02,2.374772581191255671e-01,-7.497867369724406927e-01,4.751876117683444534e-01,8.958684934493039709e-01,-9.237578177667620238e-01,5.182448385541618130e-01,8.877253344168318794e-01,-4.088081770219822442e-01,-8.674030811884869685e-02,-2.091719737525159495e-01,6.446221382329899718e-01,8.941382496510266176e-01,4.587323576345094800e-01,-4.009050009462629127e-01,-2.442093251408279375e-01,4.668858445342054520e-01,2.827605444009373414e-01,6.813468131023039387e-01,9.549762603661384741e-01
-8.691212568636537128e-01,-2.792486448731161808e-01,-2.356544159506341884e-01,-2.603760485763602084e-01,8.343514348130089964e-01,-1.405570472299726426e-01,-5.078379826086065751e-01,-1.421010630715868750e-01,8.060600056804112512e-02,-9.560089144584498211e-01,9.536863003094293578e-01,8.848831934462451088e-01,6.325372708377925424e-01,-7.372173754609940843e-01,4.309084148696435967e-01,-6.016572633283827631e-01,8.861355089924372042e-01,-7.930958453986325374e-01,4.895768409995022719e-01,-9.129804412700146532e-01
